Node,fill_ratio
0.0,0.0
140.0,0.8585064545515545
292.0,0.35719233399304484
106.0,0.8184885800913831
99.0,0.5867827016699096
180.0,0.6153862123570505
52.0,0.44670561394107205
200.0,0.8530415985400288
293.0,0.5238091225811021
258.0,0.408338507884224
256.0,0.5086621104875053
183.0,0.8544653611852293
236.0,0.3463111787067181
66.0,0.8925954545002815
7.0,0.8468850188458865
297.0,0.9352247529991666
0.0,9.852395002334159
