Node,fill_ratio
0.0,0.0
229.0,0.5345592191563087
281.0,0.7642374542317112
24.0,0.2045605001063678
13.0,0.29583053260272657
14.0,0.422373472676127
33.0,0.9840868662442046
108.0,0.38880032474588827
117.0,0.6933657361054798
105.0,0.6306717387663959
208.0,0.7977906801638506
96.0,0.4593511377891644
140.0,0.6816042573602369
292.0,0.6567684335942419
186.0,0.9423257560978966
68.0,0.8067847105617848
293.0,0.6027699400186508
0.0,9.865880760221035
