Node,fill_ratio
0.0,0.0
281.0,0.6427950705063091
24.0,0.35063845613671646
13.0,0.9549307243838899
14.0,0.11895245083218034
229.0,0.8978786612790695
33.0,0.819847983114838
108.0,0.45415024833361567
193.0,0.9860506109013031
195.0,0.8288734393088554
66.0,0.6606420683743457
225.0,0.9494872053578248
110.0,0.6571034140371956
297.0,0.6722865315374736
68.0,0.9781846056977297
0.0,9.971821469801345
