Node,fill_ratio
0.0,0.0
46.0,0.6118528947223795
221.0,0.7722447692966574
74.0,0.5924145688620425
116.0,0.9175501783730217
145.0,0.9003250700961044
149.0,0.6095508853466997
206.0,0.5440908715344265
2.0,0.958914522658926
232.0,0.7526599577002072
239.0,0.8196383844339777
81.0,0.6657305014868851
255.0,0.36724911171131874
262.0,0.41079398161347785
230.0,0.8430472125699854
156.0,0.1896058759380162
0.0,9.955668786344125
