Node,fill_ratio
0.0,0.0
139.0,0.9394989415641891
88.0,0.9663953724629734
273.0,0.8913140211333687
217.0,0.8032152459964657
276.0,0.4722149251619493
251.0,0.6314518341342328
21.0,0.7215736837178323
285.0,0.7966558931884239
17.0,0.8739149135039274
137.0,0.971138084697173
48.0,0.24366884123729277
19.0,0.6294536178236984
23.0,0.971029260081986
0.0,9.911524634703513
