Fill Percentage in Ward 1,Garbage Fill in Ward 1,Distance Travelled in Ward 1,Garbage per meter in Ward 1,Bins covered in Ward 1,Bins covered percentage in Ward 1,Fill Percentage in Ward 2,Garbage Fill in Ward 2,Distance Travelled in Ward 2,Garbage per meter in Ward 2,Bins covered in Ward 2,Bins covered percentage in Ward 2,Fill Percentage in Ward 3,Garbage Fill in Ward 3,Distance Travelled in Ward 3,Garbage per meter in Ward 3,Bins covered in Ward 3,Bins covered percentage in Ward 3
99.9814,999.814,58.2712,17.15794423317179,15.0,15.789473684210526,99.9707,999.707,90.4919,11.04747496737277,11.0,9.90990990990991,99.9333,999.333,107.935,9.258655672395422,13.0,13.829787234042554
99.978,999.78,77.853,12.841894339331818,15.0,15.789473684210526,99.945,999.45,67.5527,14.79511551721841,12.0,10.81081081081081,99.8763,998.7629999999999,72.0462,13.862813028306835,12.0,12.76595744680851
99.9913,999.9129999999999,114.764,8.712775783346693,16.0,16.842105263157894,99.999,999.99,76.4323,13.083343036909788,14.0,12.612612612612613,99.9909,999.909,103.2893,9.680663921625957,16.0,17.02127659574468
99.8305,998.305,93.6705,10.657624332100287,21.0,22.105263157894736,99.9241,999.241,118.4256,8.437711103004755,20.0,18.01801801801802,99.8419,998.4189999999999,96.1969,10.378910339106561,24.0,25.53191489361702
,,,,,,,,,,,,,,,,,
,,,,,,,,,,,,,,,,,
,3997.812,344.5587,,67.0,70.52631578947368,,3998.388,352.90250000000003,,57.0,51.351351351351354,,3996.424,379.4674,,65.0,69.14893617021276
