Node,fill_ratio
0.0,0.0
139.0,0.9394989415641891
273.0,0.8913140211333687
88.0,0.9663953724629734
276.0,0.5070478980747561
217.0,0.8032152459964657
35.0,0.34891209276726803
17.0,0.8758929798547536
40.0,0.5573057685545802
138.0,0.8063977956069109
1.0,0.44846212266425584
59.0,0.7910687285258999
231.0,0.7268387825116748
49.0,0.3353287412460169
137.0,0.9734227334287239
0.0,9.971101224391836
