Node,fill_ratio
0.0,0.0
100.0,0.9107701616439152
274.0,0.6368964151343497
179.0,0.20996035692588264
121.0,0.38742971504424567
214.0,0.8656631701701428
80.0,0.4963026802648045
38.0,0.8886271671703807
242.0,0.6681312532972205
197.0,0.9142902044291636
54.0,0.6571004667657845
5.0,0.5134633426949807
216.0,0.7095915520581794
51.0,0.9415647527143775
215.0,0.938229531405889
0.0,9.738020769719316
