Node,fill_ratio
0.0,0.0
253.0,0.21264437637109612
280.0,0.9161303892682663
47.0,0.18114316180171938
143.0,0.7763153064070692
42.0,0.9268585701526051
214.0,0.7038409716744903
80.0,0.33309959468391087
124.0,0.35776748044449175
209.0,0.8926915917860091
154.0,0.8290936619864057
238.0,0.4931134205411788
34.0,0.7651228357671336
77.0,0.9434141471759315
36.0,0.7938490251232689
216.0,0.8486771825230437
0.0,9.97376171570662
