Node,fill_ratio
0.0,0.0
148.0,0.5983574842977588
253.0,0.3051801590823579
280.0,0.6589362914935805
42.0,0.8032729871895034
222.0,0.5086471806272783
266.0,0.5312216986605078
209.0,0.3681537863901213
286.0,0.4455776726246483
36.0,0.6751963645204143
154.0,0.5393228211244155
144.0,0.5504737516272646
176.0,0.9280094119108131
94.0,0.909472523241236
34.0,0.5966253280234338
77.0,0.9870721547486188
30.0,0.4613547007006976
0.0,9.86687431626265
