W1,Garbage,Distance
0.0,8930.573655392696,546.7018
0.1,8890.86120238541,357.63079999999997
0.2,8885.14081683371,368.2504
0.3,8895.820278482961,343.30899999999997
0.4,8873.226791768242,365.59020000000004
0.5,8836.456012831124,374.4612
0.6,8902.121412122886,354.6491
0.7,8920.116944320082,388.2984
0.8,8857.988222131,369.70490000000007
0.9,8879.485291844936,338.48099999999994
1.0,8932.161729499248,355.3687
