Node,fill_ratio
0.0,0.0
268.0,0.32518332202674705
228.0,0.005522117123602399
119.0,0.35295760299997264
85.0,0.21687349353812363
90.0,0.8221218478649365
123.0,0.7466391272952433
250.0,0.8808134806124337
145.0,0.9171545402383368
32.0,0.2724691888686078
290.0,0.705787125838164
26.0,0.8991490576892366
199.0,0.42496635183393355
152.0,0.9533413301670155
220.0,0.9932311230535893
87.0,0.9749420122242214
218.0,0.49606737674337126
0.0,9.987219098117537
