Node,fill_ratio
0.0,0.0
268.0,0.32518332202674705
228.0,0.005522117123602399
90.0,0.8088843853257344
123.0,0.7120220883772019
290.0,0.6420280982543988
167.0,0.4001249512500913
269.0,0.8013796968798179
221.0,0.8203387918551529
249.0,0.3075638093602325
262.0,0.4523670848683729
232.0,0.8185702257544624
55.0,0.7110429696696492
11.0,0.5203342370746141
190.0,0.9139659559246076
131.0,0.6910678287712312
87.0,0.9766721281267579
0.0,9.907067690642673
