Node,fill_ratio
0.0,0.0
268.0,0.32518332202674705
228.0,0.005522117123602399
90.0,0.8088843853257344
123.0,0.7120220883772019
32.0,0.31483987976063144
85.0,0.25829708501351756
250.0,0.8809208656812525
145.0,0.9211483590209921
104.0,0.5711650067554023
240.0,0.34360211121913387
132.0,0.6778837482029569
87.0,0.9734619726001729
29.0,0.5616315955034863
139.0,0.9610982850895817
16.0,0.5325211415683501
261.0,0.3504638434110596
109.0,0.7705049007619886
0.0,9.969150707441813
