Node,fill_ratio
0.0,0.0
139.0,0.9394989415641891
273.0,0.8913140211333687
88.0,0.9663953724629734
276.0,0.5070478980747561
217.0,0.8142543473226274
17.0,0.8661761457749352
35.0,0.35190726915938
138.0,0.809018786480513
40.0,0.5712707350991187
231.0,0.7349348439946148
98.0,0.18581101661881025
133.0,0.2047431625953646
137.0,0.9737227362544302
93.0,0.3640520012148005
211.0,0.3225581904604387
1.0,0.44257431839552025
0.0,9.945279786605841
