Node,fill_ratio
0.0,0.0
74.0,0.5924145688620425
249.0,0.13744093881181746
43.0,0.5057191959645826
262.0,0.3761481978172598
206.0,0.6025122427392161
55.0,0.46645912567349473
232.0,0.7866240350770025
230.0,0.8669589808474376
255.0,0.5800607578934177
239.0,0.8124760888547631
2.0,0.9695666488601938
83.0,0.5928690096674223
244.0,0.5624811389439276
282.0,0.3613162525357744
1.0,0.657677679546292
137.0,0.9787375466679875
0.0,9.849462408762633
