Node,fill_ratio
0.0,0.0
208.0,0.7805255152438618
229.0,0.6783003901306284
281.0,0.6079803508035106
24.0,0.5026380121689438
66.0,0.9571025883182404
169.0,0.9666123685582979
7.0,0.5048807692690849
186.0,0.8998316339233742
68.0,0.32091546352634065
225.0,0.8325886589018876
193.0,0.5032874473221447
189.0,0.3467958537548824
247.0,0.7918407997697846
110.0,0.39332385376747236
195.0,0.9101622188625428
0.0,9.996785924320996
